,,,,,
,#,First Name,Last Name,Email Address,Phone Number
,1,John,Jones,john.jones@example.com,129-647-8362
,2,Nicholas,,nicholas.jackson@example.com,3468235247
,3,Nicholas,Jackson,nicholas.jackson@example.com,(346) 823-5247
,4,Daniel,,daniel.rodriguez@example.com,416-788-7069
,5,Joseph,Jackson,joseph.jackson@example.com,6853303645
,6,Logan,Moore,logan.moore@example.com,451.998.1203
,7,Madison,,madison.jackson@example.com,5871702246
,8,Isaac,Miller,isaac.miller@example.com,955-483-6538
,9,William,Johnson,william.johnson@example.com,(957) 967-6859
,10,Elijah,Miller,,428.405.5143
,11,Nora,Rodriguez,nora.rodriguez@example.com,
,12,Ryan,Thomas,ryan.thomas@example.com,1469922678
,13,,Wilson,colton.wilson@example.com,714-838-1654
,14,,,layla.williams@example.com,7038065442
,15,Layla,Williams,layla.williams@example.com,(703) 806-5442
,16,Christian,Davis,,5786639423
,17,Ellie,Wilson,ellie.wilson@example.com,946-279-4773
,18,Ellie,Wilson,ellie.wilson@example.com,9462794773
,19,Quinn,Martinez,quinn.martinez@example.com,
,20,Alice,,alice.lopez@example.com,1019621230
,21,Grace,Rodriguez,grace.rodriguez@example.com,7238421956
,22,Grace,Rodriguez,,(723) 842-1956
,23,,Martinez,henry.martinez@example.com,8325631147
,24,Abigail,Moore,abigail.moore@example.com,
,25,William,Brown,william.brown@example.com,874-939-6574
,26,Abigail,Moore,abigail.moore@example.com,6721199342
,27,Ethan,Garcia,ethan.garcia@example.com,8287446261
,28,Jack,Williams,jack.williams@example.com,749-112-7483
,29,Harper,Johnson,harper.johnson@example.com,
,30,,Davis,samuel.davis@example.com,6164537213
,31,Scarlett,Smith,scarlett.smith@example.com,934-884-2334
,32,Elijah,,elijah.taylor@example.com,9632118597
,33,Jack,Williams,jack.williams@example.com,
,34,Ryan,Hernandez,ryan.hernandez@example.com,(749) 112-7483
,35,Ethan,Wilson,,7528823076
,36,Ryan,Hernandez,ryan.hernandez@example.com,749-112-7483
,37,Chloe,,chloe.anderson@example.com,8195286953
,38,Savannah,Davis,savannah.davis@example.com,9126658471
,39,,Martinez,henry.martinez@example.com,832-563-1147
,40,John,Gonzalez,john.gonzalez@example.com,4923075814
,41,Brianna,Thompson,brianna.thompson@example.com,5617429816
,42,Xavier,Adams,xavier.adams@example.com,623.748.3510
,43,Violet,,violet.parker@example.com,
,44,Amelia,Brooks,amelia.brooks@example.com,834-902-4167
,45,Hayden,Rivera,hayden.rivera@example.com,9081234972
,46,Vivian,Stewart,vivian.stewart@example.com,(674) 803-2918
,47,Ashton,Mitchell,ashton.mitchell@example.com,7429025843
,48,Cooper,Nguyen,cooper.nguyen@example.com,
,49,Madison,Bailey,,5836198427
,50,Jasper,Murphy,jasper.murphy@example.com,473-881-9376
,51,Melanie,,melanie.reed@example.com,3542825904
,52,Julian,Barnes,julian.barnes@example.com,626-582-9375
,53,Easton,Carter,easton.carter@example.com,
,54,Willow,Edwards,willow.edwards@example.com,1820309122
,55,Aurora,Bell,aurora.bell@example.com,(502) 123-7584
,56,,Foster,bennett.foster@example.com,4129028573
,57,Chloe,Sanders,chloe.sanders@example.com,801-394-5738
,58,Theo,,theo.morgan@example.com,3492819476
,59,Dakota,Evans,,
,60,Stella,Flores,stella.flores@example.com,9826147593
,61,Nora,Rodriguez,nora.rodriguez@example.com,
,62,Ryan,Thomas,ryan.thomas@example.com,1469922678
,63,Sophia,Mitchell,,(346) 788-1293
,64,Oliver,Thompson,oliver.thompson@example.com,8123456790
,65,Isabella,Martin,isabella.martin@example.com,572-341-0952
,66,Mason,Clark,mason.clark@example.com,7429891253
,67,Charlotte,Davis,charlotte.davis@example.com,856-732-4195
,68,Liam,,liam.lopez@example.com,9854213760
,69,Emma,Hall,emma.hall@example.com,7068235124
,70,Jacob,Turner,jacob.turner@example.com,123-456-7890
,71,,Gonzalez,mia.gonzalez@example.com,(218) 563-4029
,72,Noah,Gray,noah.gray@example.com,872-623-9108
,73,Ava,Reed,ava.reed@example.com,2199078563
,74,William,Baker,william.baker@example.com,301-785-1239
,75,Sophia,Young,,2346758192
,76,Benjamin,,benjamin.roberts@example.com,(459) 234-6782
,77,Harper,Ramirez,harper.ramirez@example.com,598-234-1764
,78,James,Carter,james.carter@example.com,7256098731
,79,Ella,Adams,ella.adams@example.com,678-905-2314
,80,Lucas,Evans,,5691238764
,81,Amelia,Brooks,amelia.brooks@example.com,605-928-3741
,82,Aiden,Powell,aiden.powell@example.com,(308) 267-9123
,83,,Collins,aria.collins@example.com,4827193065
,84,Alexander,Perry,alexander.perry@example.com,7521098643
,85,Lily,Butler,lily.butler@example.com,879-602-1453
,86,Jackson,Ramirez,jackson.ramirez@example.com,2345987012
,87,Zoe,Diaz,zoe.diaz@example.com,(312) 450-6872
,88,Caleb,Rivera,,9327184563
,89,Hannah,Simmons,hannah.simmons@example.com,487-213-5698
,90,Sebastian,Peterson,sebastian.peterson@example.com,2837615904
,91,Aubrey,Barnes,aubrey.barnes@example.com,902-184-5632
,92,Aubrey,Barnes,aubrey.barnes@example.com,6789234510
,93,Evelyn,,evelyn.cook@example.com,479-305-7218
,94,Levi,Bell,levi.bell@example.com,8379021345
,95,Mila,Murphy,mila.murphy@example.com,(541) 872-9031
,96,Owen,Bailey,,7582901364
,97,Riley,Rogers,riley.rogers@example.com,673-891-2045
,98,,Foster,lillian.foster@example.com,4317295867
,99,Henry,Kelly,henry.kelly@example.com,872-310-6945
,100,Penelope,Sanders,penelope.sanders@example.com,(509) 783-1245
